order_id,order_date,shipping_address,city
ORD1,07/11/2023,53211 Elmside Junction,Nellore
ORD2,04/05/2023,49876 Sutteridge Crossing,Bangalore
ORD3,08/08/2023,2160 7th Street,Bangalore
ORD4,30/12/2023,337 Crownhardt Junction,Kadapa
ORD5,04/05/2023,863 Melody Plaza,Tirupati
ORD6,05/10/2023,58 Larry Pass,Tirupati
ORD7,23/10/2023,32080 Clyde Gallagher Place,Kadapa
ORD8,15/04/2023,98789 Steensland Road,Kadapa
ORD9,05/04/2023,05 Sundown Road,Nellore
ORD10,15/01/2023,2 Maple Wood Crossing,Kadapa
ORD11,18/07/2023,600 Dennis Parkway,Kadapa
ORD12,19/07/2023,1541 Drewry Trail,Tirupati
ORD13,20/11/2023,208 Manley Pass,Bangalore
ORD14,14/03/2023,35 Cascade Road,Nellore
ORD15,14/05/2023,234 Dennis Place,Bangalore
ORD16,18/12/2023,7 Montana Junction,Kadapa
ORD17,12/07/2023,175 Shoshone Plaza,Tirupati
ORD18,23/09/2023,308 Crescent Oaks Crossing,Nellore
ORD19,21/08/2023,1 Forest Run Park,Kadapa
ORD20,21/10/2023,1092 Crowley Circle,Bangalore
ORD21,14/06/2023,789 Lillian Street,Tirupati
ORD22,28/03/2023,66106 Blue Bill Park Place,Bangalore
ORD23,01/06/2023,6 Larry Road,Kadapa
ORD24,24/03/2023,79131 Carpenter Junction,Bangalore
ORD25,03/04/2023,432 Jenifer Avenue,Tirupati
ORD26,08/12/2023,573 Maryland Pass,Tirupati
ORD27,24/10/2023,14087 Leroy Center,Nellore
ORD28,01/02/2023,03 Kennedy Crossing,Nellore
ORD29,29/08/2023,28 Golf Course Court,Nellore
ORD30,15/06/2023,29 Manley Point,Nellore
ORD31,24/06/2023,7498 Toban Hill,Kadapa
ORD32,17/02/2023,30 Prairie Rose Junction,Tirupati
ORD33,18/04/2023,7836 Havey Lane,Kadapa
ORD34,23/06/2023,14 Eastwood Street,Bangalore
ORD35,07/08/2023,2122 Sutteridge Way,Tirupati
ORD36,18/10/2023,30 Tomscot Place,Kadapa
ORD37,08/06/2023,50 Russell Road,Tirupati
ORD38,29/09/2023,087 Superior Street,Tirupati
ORD39,11/11/2023,85965 Lakewood Gardens Court,Nellore
ORD40,30/09/2023,12 Rowland Parkway,Nellore
ORD41,10/06/2023,457 Garrison Hill,Bangalore
ORD42,12/02/2023,24282 Talisman Parkway,Nellore
ORD43,01/05/2023,3 Burning Wood Avenue,Tirupati
ORD44,29/12/2023,4 Riverside Point,Tirupati
ORD45,20/02/2023,3480 Roth Drive,Kadapa
ORD46,24/10/2023,302 Carberry Point,Tirupati
ORD47,09/09/2023,17 Ludington Way,Tirupati
ORD48,07/03/2023,6082 Magdeline Circle,Bangalore
ORD49,24/03/2023,3 Caliangt Trail,Nellore
ORD50,21/11/2023,7386 Tomscot Junction,Bangalore
ORD51,20/06/2023,59570 Crowley Center,Tirupati
ORD52,16/05/2023,5 Hayes Alley,Tirupati
ORD53,18/03/2023,41 Green Avenue,Bangalore
ORD54,21/01/2023,9 Rusk Park,Kadapa
ORD55,06/09/2023,34 Harbort Crossing,Nellore
ORD56,03/01/2023,06631 Porter Plaza,Bangalore
ORD57,29/09/2023,96 Stephen Lane,Bangalore
ORD58,25/01/2023,24792 Spaight Terrace,Tirupati
ORD59,27/04/2023,2 Lakewood Street,Nellore
ORD60,28/04/2023,184 Canary Drive,Nellore
ORD61,03/09/2023,0800 Alpine Drive,Bangalore
ORD62,20/10/2023,557 Hollow Ridge Circle,Nellore
ORD63,23/07/2023,57354 Cambridge Lane,Nellore
ORD64,18/02/2023,14108 Larry Parkway,Nellore
ORD65,28/01/2023,6582 Shelley Crossing,Tirupati
ORD66,01/02/2023,86827 Transport Parkway,Tirupati
ORD67,01/11/2023,7 Maywood Point,Nellore
ORD68,13/10/2023,26 Sheridan Terrace,Bangalore
ORD69,20/11/2023,3 Surrey Avenue,Bangalore
ORD70,28/01/2023,72931 Luster Crossing,Kadapa
ORD71,24/04/2023,90 Hoard Crossing,Bangalore
ORD72,06/01/2023,7 Vidon Drive,Tirupati
ORD73,12/02/2023,53422 Charing Cross Plaza,Kadapa
ORD74,01/03/2023,3 Larry Park,Nellore
ORD75,08/12/2023,45 Mayer Plaza,Kadapa
ORD76,18/08/2023,2 Maywood Park,Tirupati
ORD77,19/07/2023,88 Melrose Street,Bangalore
ORD78,24/12/2023,1 Katie Alley,Bangalore
ORD79,07/06/2023,8 Buena Vista Center,Tirupati
ORD80,14/02/2023,0 Jana Drive,Kadapa
ORD81,17/04/2023,75 Mccormick Parkway,Tirupati
ORD82,19/03/2023,060 Grim Center,Nellore
ORD83,08/08/2023,580 Cottonwood Trail,Kadapa
ORD84,13/05/2023,311 3rd Lane,Bangalore
ORD85,01/10/2023,458 Monument Alley,Kadapa
ORD86,02/04/2023,6053 Sycamore Center,Nellore
ORD87,15/01/2023,1758 Bluejay Road,Bangalore
ORD88,01/03/2023,52647 Clove Alley,Kadapa
ORD89,17/10/2023,45 Burning Wood Court,Nellore
ORD90,06/12/2023,1823 Buell Terrace,Kadapa
ORD91,09/08/2023,3 Menomonie Center,Kadapa
ORD92,27/04/2023,11 Vidon Trail,Bangalore
ORD93,27/02/2023,19123 Schiller Plaza,Nellore
ORD94,03/04/2023,0722 Roxbury Plaza,Kadapa
ORD95,29/09/2023,73 Homewood Point,Kadapa
ORD96,06/01/2023,5 Harper Plaza,Nellore
ORD97,04/11/2023,3071 Kim Circle,Kadapa
ORD98,20/05/2023,1 Dottie Plaza,Bangalore
ORD99,31/08/2023,81593 Veith Parkway,Nellore
ORD100,28/10/2023,94154 Morningstar Street,Bangalore
ORD101,07/06/2023,1 Mockingbird Junction,Bangalore
ORD102,13/11/2023,15695 Lyons Parkway,Tirupati
ORD103,30/06/2023,1 Iowa Pass,Bangalore
ORD104,12/10/2023,46 Jana Parkway,Nellore
ORD105,26/12/2023,691 Everett Street,Nellore
ORD106,02/09/2023,0381 Cardinal Parkway,Nellore
ORD107,14/12/2023,43091 Dawn Center,Tirupati
ORD108,04/07/2023,2751 Jenna Circle,Bangalore
ORD109,22/07/2023,01 Drewry Court,Kadapa
ORD110,27/11/2023,5699 Anhalt Terrace,Bangalore
ORD111,10/10/2023,4 Nevada Hill,Bangalore
ORD112,16/09/2023,62409 Orin Court,Bangalore
ORD113,10/03/2023,3712 Lindbergh Road,Nellore
ORD114,20/10/2023,64447 Talisman Terrace,Kadapa
ORD115,11/12/2023,13070 Columbus Court,Kadapa
ORD116,05/03/2023,3 Mallard Place,Bangalore
ORD117,15/03/2023,1 Kipling Center,Bangalore
ORD118,15/06/2023,460 Badeau Park,Tirupati
ORD119,16/03/2023,8127 Mariners Cove Way,Nellore
ORD120,29/11/2023,14 3rd Parkway,Tirupati
ORD121,01/06/2023,7946 Rockefeller Alley,Bangalore
ORD122,28/12/2023,0334 Acker Terrace,Bangalore
ORD123,23/08/2023,344 Riverside Street,Kadapa
ORD124,19/03/2023,4 Canary Trail,Nellore
ORD125,02/08/2023,40 Portage Terrace,Kadapa
ORD126,26/01/2023,8 Mifflin Trail,Bangalore
ORD127,16/10/2023,846 Kedzie Point,Tirupati
ORD128,22/02/2023,698 Talisman Alley,Kadapa
ORD129,06/11/2023,778 Birchwood Way,Bangalore
ORD130,27/01/2023,65254 Del Sol Crossing,Kadapa
ORD131,11/06/2023,369 Namekagon Center,Tirupati
ORD132,10/01/2023,0190 Northwestern Center,Bangalore
ORD133,16/01/2023,648 American Circle,Kadapa
ORD134,19/03/2023,911 Fordem Point,Nellore
ORD135,27/09/2023,19 Colorado Terrace,Bangalore
ORD136,12/02/2023,98756 Cody Plaza,Bangalore
ORD137,15/05/2023,350 Darwin Court,Tirupati
ORD138,28/07/2023,3376 Hoard Park,Tirupati
ORD139,17/06/2023,1308 Pennsylvania Plaza,Tirupati
ORD140,05/10/2023,3782 Ruskin Road,Bangalore
ORD141,15/03/2023,05284 Coolidge Alley,Tirupati
ORD142,06/12/2023,753 Westridge Road,Nellore
ORD143,19/01/2023,40902 Sullivan Circle,Tirupati
ORD144,16/09/2023,21 Golden Leaf Junction,Bangalore
ORD145,08/12/2023,35728 Shoshone Avenue,Kadapa
ORD146,05/03/2023,258 Briar Crest Lane,Kadapa
ORD147,08/05/2023,047 Starling Point,Bangalore
ORD148,04/04/2023,9 Pierstorff Alley,Tirupati
ORD149,13/11/2023,8251 Colorado Place,Kadapa
ORD150,10/08/2023,89 Kinsman Avenue,Nellore
ORD151,29/04/2023,32920 Elgar Parkway,Nellore
ORD152,20/03/2023,85 Hanover Terrace,Tirupati
ORD153,17/02/2023,7917 Florence Pass,Tirupati
ORD154,10/01/2023,25583 Heffernan Street,Nellore
ORD155,21/10/2023,25018 Trailsway Plaza,Bangalore
ORD156,21/12/2023,1 Ohio Place,Tirupati
ORD157,20/12/2023,758 Gulseth Junction,Kadapa
ORD158,05/05/2023,099 Bashford Trail,Tirupati
ORD159,27/02/2023,05628 Truax Center,Nellore
ORD160,17/12/2023,32 Little Fleur Junction,Tirupati
ORD161,29/11/2023,76 Melby Place,Kadapa
ORD162,04/12/2023,33053 Portage Street,Kadapa
ORD163,21/05/2023,0691 Cardinal Drive,Nellore
ORD164,13/04/2023,474 Mallard Alley,Kadapa
ORD165,19/11/2023,4 Talmadge Court,Tirupati
ORD166,22/10/2023,9 Raven Junction,Bangalore
ORD167,01/08/2023,8429 Golf View Lane,Tirupati
ORD168,04/04/2023,101 Tennyson Center,Tirupati
ORD169,03/09/2023,29 Mesta Junction,Tirupati
ORD170,30/08/2023,4 Weeping Birch Place,Kadapa
ORD171,17/06/2023,36 Cordelia Hill,Tirupati
ORD172,28/11/2023,46 Fairview Street,Kadapa
ORD173,10/01/2023,9229 Stuart Plaza,Kadapa
ORD174,26/07/2023,66364 Brickson Park Crossing,Bangalore
ORD175,19/09/2023,087 Reindahl Pass,Tirupati
ORD176,03/01/2023,9 Mosinee Parkway,Kadapa
ORD177,20/08/2023,6404 Warbler Park,Nellore
ORD178,02/08/2023,63 Weeping Birch Crossing,Bangalore
ORD179,31/08/2023,26809 Moland Park,Nellore
ORD180,27/09/2023,3737 8th Park,Nellore
ORD181,30/04/2023,39804 Susan Junction,Kadapa
ORD182,17/06/2023,74 Waubesa Pass,Kadapa
ORD183,14/07/2023,066 Helena Terrace,Tirupati
ORD184,11/09/2023,26 Kropf Terrace,Kadapa
ORD185,23/09/2023,12445 Tennessee Alley,Kadapa
ORD186,16/03/2023,42 Lake View Junction,Nellore
ORD187,12/11/2023,389 Hollow Ridge Hill,Nellore
ORD188,01/07/2023,62419 Sutteridge Park,Nellore
ORD189,14/11/2023,546 Sheridan Junction,Nellore
ORD190,20/04/2023,0 Knutson Circle,Kadapa
ORD191,07/01/2023,0 Norway Maple Alley,Kadapa
ORD192,01/10/2023,6 Dennis Junction,Bangalore
ORD193,27/02/2023,02677 Everett Street,Kadapa
ORD194,25/03/2023,069 Sheridan Way,Nellore
ORD195,21/01/2023,3651 Dorton Center,Bangalore
ORD196,11/04/2023,0 Hanover Way,Tirupati
ORD197,06/09/2023,79186 Holy Cross Terrace,Bangalore
ORD198,27/08/2023,7230 Crownhardt Park,Bangalore
ORD199,12/01/2023,163 Kipling Alley,Tirupati
ORD200,18/10/2023,92 Schurz Road,Kadapa
ORD201,27/11/2023,12104 Welch Way,Kadapa
ORD202,27/02/2023,90465 Golf Terrace,Bangalore
ORD203,13/10/2023,80832 Tony Pass,Nellore
ORD204,07/11/2023,17 Fieldstone Park,Nellore
ORD205,09/04/2023,39331 North Point,Nellore
ORD206,01/07/2023,742 Ilene Hill,Bangalore
ORD207,02/01/2023,45598 Weeping Birch Street,Nellore
ORD208,04/02/2023,91 Veith Park,Tirupati
ORD209,14/06/2023,850 Linden Trail,Nellore
ORD210,28/08/2023,75 New Castle Way,Bangalore
ORD211,28/02/2023,314 Southridge Junction,Kadapa
ORD212,30/08/2023,9597 Bowman Lane,Tirupati
ORD213,01/05/2023,6 Shoshone Street,Nellore
ORD214,28/12/2023,03 Lotheville Lane,Bangalore
ORD215,08/01/2023,22 Bay Pass,Nellore
ORD216,02/01/2023,9380 Aberg Street,Bangalore
ORD217,16/02/2023,1 Artisan Junction,Nellore
ORD218,05/08/2023,57 Saint Paul Terrace,Kadapa
ORD219,08/08/2023,6062 Tomscot Place,Bangalore
ORD220,18/12/2023,40644 Veith Point,Bangalore
ORD221,31/05/2023,07474 Bonner Terrace,Kadapa
ORD222,10/06/2023,66312 Golf Trail,Bangalore
ORD223,14/02/2023,2 Jackson Terrace,Nellore
ORD224,05/04/2023,99 Harbort Road,Tirupati
ORD225,29/12/2023,9 Anderson Court,Tirupati
ORD226,28/11/2023,40 Dorton Center,Kadapa
ORD227,28/10/2023,2 Paget Avenue,Bangalore
ORD228,15/09/2023,7 Corben Crossing,Tirupati
ORD229,22/09/2023,09 Eagan Court,Tirupati
ORD230,20/02/2023,69199 Lunder Hill,Bangalore
ORD231,12/09/2023,2 Corben Road,Kadapa
ORD232,21/04/2023,08 Valley Edge Avenue,Tirupati
ORD233,03/07/2023,266 Drewry Point,Kadapa
ORD234,10/11/2023,70 Weeping Birch Crossing,Bangalore
ORD235,04/02/2023,7870 Iowa Junction,Kadapa
ORD236,30/12/2023,478 Browning Crossing,Tirupati
ORD237,29/07/2023,86975 Merrick Drive,Bangalore
ORD238,21/01/2023,9 Corben Hill,Nellore
ORD239,05/10/2023,73 Golf View Center,Tirupati
ORD240,01/05/2023,90 Redwing Plaza,Tirupati
ORD241,04/10/2023,26116 Pawling Alley,Bangalore
ORD242,18/10/2023,65 Northview Park,Tirupati
ORD243,22/03/2023,326 Meadow Valley Avenue,Tirupati
ORD244,04/06/2023,968 Lighthouse Bay Lane,Bangalore
ORD245,25/05/2023,2 Basil Drive,Tirupati
ORD246,11/02/2023,6509 2nd Lane,Bangalore
ORD247,05/12/2023,617 Brown Alley,Nellore
ORD248,01/03/2023,0628 Kropf Parkway,Tirupati
ORD249,17/12/2023,45 Green Ridge Park,Tirupati
ORD250,29/06/2023,75816 Corry Court,Nellore
ORD251,04/05/2023,7 Golf Plaza,Kadapa
ORD252,07/07/2023,3 Carpenter Court,Tirupati
ORD253,25/04/2023,0 Toban Way,Bangalore
ORD254,13/07/2023,85 Village Green Road,Bangalore
ORD255,20/06/2023,2598 Northport Lane,Bangalore
ORD256,04/12/2023,10187 Porter Terrace,Tirupati
ORD257,21/10/2023,9928 Thackeray Road,Tirupati
ORD258,10/07/2023,14 Oakridge Lane,Nellore
ORD259,19/10/2023,15 Larry Plaza,Kadapa
ORD260,16/07/2023,71 Fallview Road,Nellore
ORD261,28/12/2023,7 Atwood Street,Tirupati
ORD262,21/08/2023,84 7th Trail,Bangalore
ORD263,05/01/2023,34433 Summer Ridge Drive,Nellore
ORD264,31/01/2023,758 Eggendart Place,Kadapa
ORD265,22/05/2023,3 Anniversary Way,Nellore
ORD266,12/10/2023,88 Clarendon Point,Bangalore
ORD267,17/10/2023,56752 International Place,Kadapa
ORD268,15/10/2023,58 Logan Hill,Bangalore
ORD269,30/09/2023,871 Hovde Circle,Bangalore
ORD270,25/02/2023,38152 Carioca Drive,Bangalore
ORD271,04/01/2023,3 Eliot Court,Nellore
ORD272,28/06/2023,79 Dryden Lane,Kadapa
ORD273,14/02/2023,78 Dexter Parkway,Tirupati
ORD274,19/04/2023,11120 Warner Junction,Bangalore
ORD275,09/10/2023,636 Beilfuss Circle,Tirupati
ORD276,07/09/2023,21834 Merry Point,Kadapa
ORD277,25/01/2023,62943 Dixon Pass,Nellore
ORD278,23/08/2023,1161 Forster Center,Nellore
ORD279,01/06/2023,620 Clemons Trail,Tirupati
ORD280,21/07/2023,23 Ruskin Court,Tirupati
ORD281,17/08/2023,7 Di Loreto Avenue,Tirupati
ORD282,22/12/2023,23 5th Parkway,Nellore
ORD283,13/04/2023,57 Anhalt Plaza,Kadapa
ORD284,30/06/2023,241 Park Meadow Park,Tirupati
ORD285,07/01/2023,7144 Ludington Avenue,Nellore
ORD286,19/09/2023,42 Tennyson Crossing,Kadapa
ORD287,05/10/2023,84852 Toban Road,Kadapa
ORD288,08/08/2023,44 Hazelcrest Avenue,Nellore
ORD289,21/07/2023,1 Shoshone Crossing,Nellore
ORD290,28/02/2023,22 Waywood Parkway,Bangalore
ORD291,22/09/2023,7 Morning Court,Kadapa
ORD292,01/11/2023,02 Havey Way,Nellore
ORD293,02/04/2023,52 Montana Court,Tirupati
ORD294,08/04/2023,29484 Beilfuss Pass,Nellore
ORD295,21/01/2023,4979 Rockefeller Hill,Bangalore
ORD296,24/06/2023,05948 Brown Center,Bangalore
ORD297,03/07/2023,803 Steensland Hill,Tirupati
ORD298,26/09/2023,743 Ilene Parkway,Tirupati
ORD299,26/07/2023,6 Algoma Drive,Tirupati
ORD300,12/03/2023,16100 Anniversary Crossing,Tirupati
ORD301,29/07/2023,5042 Colorado Junction,Nellore
ORD302,18/09/2023,437 Summer Ridge Parkway,Tirupati
ORD303,08/01/2023,2991 4th Drive,Tirupati
ORD304,09/01/2023,615 Thackeray Trail,Tirupati
ORD305,26/07/2023,85 Morning Plaza,Kadapa
ORD306,23/09/2023,03 David Court,Tirupati
ORD307,22/02/2023,0183 Carberry Street,Kadapa
ORD308,15/06/2023,357 Jana Way,Kadapa
ORD309,15/12/2023,198 Westerfield Alley,Bangalore
ORD310,25/08/2023,74 Hazelcrest Lane,Tirupati
ORD311,18/02/2023,9547 Hallows Terrace,Nellore
ORD312,23/10/2023,98250 Tony Circle,Nellore
ORD313,11/01/2023,444 Loomis Trail,Bangalore
ORD314,25/02/2023,62 Crescent Oaks Avenue,Tirupati
ORD315,22/08/2023,9980 Southridge Circle,Kadapa
ORD316,16/06/2023,7 Oxford Parkway,Nellore
ORD317,08/07/2023,45815 Artisan Plaza,Kadapa
ORD318,18/05/2023,05 Transport Circle,Bangalore
ORD319,24/08/2023,2 Spohn Center,Nellore
ORD320,21/04/2023,2 Express Way,Tirupati
ORD321,30/07/2023,436 Holy Cross Circle,Nellore
ORD322,05/07/2023,6 Roth Point,Bangalore
ORD323,08/10/2023,8554 Comanche Terrace,Nellore
ORD324,11/07/2023,4 Dapin Circle,Kadapa
ORD325,20/02/2023,213 Village Lane,Tirupati
ORD326,11/02/2023,26121 Reindahl Way,Kadapa
ORD327,05/08/2023,6876 Lukken Park,Tirupati
ORD328,30/08/2023,53 Londonderry Terrace,Kadapa
ORD329,23/11/2023,121 Macpherson Way,Nellore
ORD330,24/10/2023,74794 Brickson Park Point,Tirupati
ORD331,22/07/2023,1101 Hollow Ridge Terrace,Bangalore
ORD332,21/03/2023,2381 Toban Parkway,Tirupati
ORD333,02/10/2023,796 Springs Alley,Kadapa
ORD334,30/12/2023,120 Lawn Park,Nellore
ORD335,27/03/2023,32 Magdeline Court,Kadapa
ORD336,16/04/2023,6 Mockingbird Drive,Bangalore
ORD337,02/12/2023,486 Portage Plaza,Tirupati
ORD338,30/05/2023,9 Swallow Circle,Tirupati
ORD339,31/05/2023,003 6th Pass,Bangalore
ORD340,15/05/2023,8225 South Hill,Nellore
ORD341,19/07/2023,0694 Melody Street,Kadapa
ORD342,16/02/2023,003 Lakeland Alley,Kadapa
ORD343,21/05/2023,7 Debra Drive,Kadapa
ORD344,11/07/2023,85 Carpenter Point,Kadapa
ORD345,18/02/2023,358 Warrior Avenue,Nellore
ORD346,06/08/2023,79871 Scoville Pass,Nellore
ORD347,03/06/2023,36 Schiller Road,Tirupati
ORD348,11/02/2023,56 Hallows Street,Kadapa
ORD349,01/03/2023,717 Lillian Way,Bangalore
ORD350,17/02/2023,96710 Prentice Crossing,Nellore
ORD351,08/09/2023,22 Grim Alley,Nellore
ORD352,23/11/2023,0 Ramsey Alley,Nellore
ORD353,08/09/2023,339 Continental Park,Tirupati
ORD354,13/05/2023,883 Thierer Drive,Kadapa
ORD355,03/11/2023,7 Texas Street,Bangalore
ORD356,25/05/2023,21533 Maple Parkway,Nellore
ORD357,25/03/2023,1 Montana Park,Nellore
ORD358,07/05/2023,5730 Tennyson Street,Bangalore
ORD359,08/08/2023,5361 Westport Lane,Nellore
ORD360,28/12/2023,624 Manley Pass,Nellore
ORD361,27/05/2023,9297 Kinsman Park,Tirupati
ORD362,28/03/2023,71 Brentwood Circle,Kadapa
ORD363,27/12/2023,7449 Troy Hill,Nellore
ORD364,07/03/2023,15 Tennyson Center,Tirupati
ORD365,09/05/2023,494 Schurz Drive,Bangalore
ORD366,27/11/2023,5 Talmadge Plaza,Kadapa
ORD367,17/10/2023,15 Pawling Place,Bangalore
ORD368,07/02/2023,7 Milwaukee Pass,Tirupati
ORD369,14/09/2023,7 Acker Junction,Bangalore
ORD370,28/07/2023,485 Old Gate Lane,Bangalore
ORD371,03/10/2023,1 Troy Pass,Bangalore
ORD372,02/07/2023,98614 Mallory Circle,Nellore
ORD373,22/06/2023,527 Loeprich Pass,Nellore
ORD374,31/01/2023,8 Jackson Point,Nellore
ORD375,28/12/2023,32 Garrison Lane,Bangalore
ORD376,14/06/2023,21599 Russell Hill,Kadapa
ORD377,28/08/2023,06757 Waywood Park,Kadapa
ORD378,02/09/2023,902 Melody Drive,Tirupati
ORD379,16/05/2023,57 Shasta Lane,Tirupati
ORD380,02/02/2023,117 Old Gate Lane,Kadapa
ORD381,04/10/2023,148 Macpherson Drive,Tirupati
ORD382,01/08/2023,46574 Dahle Terrace,Tirupati
ORD383,09/12/2023,3 Pleasure Place,Bangalore
ORD384,18/10/2023,6 Mayfield Drive,Tirupati
ORD385,10/07/2023,03292 Ridge Oak Trail,Bangalore
ORD386,28/07/2023,2854 Shopko Circle,Nellore
ORD387,29/07/2023,5 Redwing Trail,Kadapa
ORD388,20/08/2023,322 Orin Street,Bangalore
ORD389,21/02/2023,23 Mallory Junction,Nellore
ORD390,24/11/2023,72 Golf View Place,Tirupati
ORD391,11/03/2023,032 Reindahl Trail,Nellore
ORD392,18/07/2023,3 Lunder Lane,Tirupati
ORD393,12/01/2023,8059 Crownhardt Park,Bangalore
ORD394,01/07/2023,65 John Wall Court,Bangalore
ORD395,22/03/2023,6424 Waywood Drive,Kadapa
ORD396,23/02/2023,19122 Rutledge Plaza,Bangalore
ORD397,11/03/2023,5 Pawling Point,Bangalore
ORD398,19/07/2023,44110 Cottonwood Parkway,Nellore
ORD399,10/06/2023,9655 Swallow Junction,Tirupati
ORD400,19/08/2023,1587 Eagan Point,Kadapa
ORD401,21/01/2023,406 Ridgeview Street,Bangalore
ORD402,01/06/2023,63 Fremont Parkway,Bangalore
ORD403,12/09/2023,228 Little Fleur Trail,Kadapa
ORD404,04/07/2023,3533 Hovde Plaza,Bangalore
ORD405,28/09/2023,274 La Follette Way,Tirupati
ORD406,24/05/2023,82597 Clyde Gallagher Way,Nellore
ORD407,06/01/2023,35 Kenwood Alley,Kadapa
ORD408,22/01/2023,64644 Summit Trail,Kadapa
ORD409,14/03/2023,50233 Maywood Court,Nellore
ORD410,16/09/2023,9 Stoughton Plaza,Bangalore
ORD411,03/05/2023,099 Division Alley,Kadapa
ORD412,07/08/2023,6968 East Point,Tirupati
ORD413,30/11/2023,058 Scofield Lane,Tirupati
ORD414,25/03/2023,739 Independence Road,Bangalore
ORD415,30/09/2023,6721 Northview Point,Kadapa
ORD416,26/12/2023,4 Bluejay Street,Kadapa
ORD417,15/10/2023,290 Glendale Parkway,Tirupati
ORD418,03/09/2023,150 Rockefeller Parkway,Nellore
ORD419,05/08/2023,51719 Warner Parkway,Kadapa
ORD420,20/12/2023,4495 Manufacturers Crossing,Nellore
ORD421,15/01/2023,6635 Dennis Circle,Bangalore
ORD422,23/11/2023,843 Melvin Place,Nellore
ORD423,25/10/2023,6 Delladonna Road,Nellore
ORD424,23/08/2023,8166 Everett Trail,Bangalore
ORD425,29/07/2023,4241 Browning Plaza,Bangalore
ORD426,30/05/2023,49 Ohio Alley,Tirupati
ORD427,10/10/2023,2919 Shoshone Lane,Tirupati
ORD428,29/08/2023,39 Katie Junction,Tirupati
ORD429,29/08/2023,416 Autumn Leaf Junction,Tirupati
ORD430,09/11/2023,5 Red Cloud Way,Tirupati
ORD431,05/06/2023,50 Tomscot Center,Kadapa
ORD432,16/08/2023,613 Susan Crossing,Kadapa
ORD433,25/06/2023,4 Harbort Pass,Kadapa
ORD434,08/08/2023,9816 Dunning Way,Nellore
ORD435,26/12/2023,1 Warbler Hill,Kadapa
ORD436,23/03/2023,253 Eagan Point,Nellore
ORD437,29/08/2023,01 Parkside Trail,Tirupati
ORD438,07/08/2023,53940 Gateway Court,Bangalore
ORD439,01/09/2023,5147 Sundown Way,Nellore
ORD440,10/06/2023,6 Commercial Avenue,Nellore
ORD441,18/02/2023,845 Mifflin Crossing,Nellore
ORD442,15/09/2023,876 Commercial Alley,Bangalore
ORD443,30/08/2023,8 Park Meadow Alley,Kadapa
ORD444,30/09/2023,59052 Butterfield Court,Tirupati
ORD445,09/02/2023,8767 Lien Circle,Nellore
ORD446,10/02/2023,03 Daystar Parkway,Bangalore
ORD447,25/12/2023,228 Hooker Road,Kadapa
ORD448,03/08/2023,01588 Everett Pass,Kadapa
ORD449,18/04/2023,63496 Forest Dale Alley,Kadapa
ORD450,20/01/2023,11 Hoepker Avenue,Tirupati
ORD451,26/04/2023,9950 Blue Bill Park Lane,Nellore
ORD452,29/05/2023,6 Alpine Pass,Bangalore
ORD453,06/02/2023,73 Vahlen Plaza,Kadapa
ORD454,26/10/2023,717 Jenna Plaza,Nellore
ORD455,11/01/2023,5784 Tennyson Avenue,Bangalore
ORD456,09/04/2023,4 Morningstar Drive,Bangalore
ORD457,05/07/2023,570 Briar Crest Lane,Kadapa
ORD458,02/12/2023,45622 Warrior Alley,Tirupati
ORD459,15/02/2023,10 Golf Court,Kadapa
ORD460,08/08/2023,99646 Golf Course Street,Bangalore
ORD461,28/02/2023,10278 Almo Way,Tirupati
ORD462,01/03/2023,6 Doe Crossing Avenue,Tirupati
ORD463,03/02/2023,8 Daystar Alley,Tirupati
ORD464,02/01/2023,137 Fieldstone Alley,Kadapa
ORD465,26/06/2023,78466 Brickson Park Way,Nellore
ORD466,27/03/2023,2315 Green Point,Nellore
ORD467,19/08/2023,7915 Sommers Road,Kadapa
ORD468,08/04/2023,15 Tomscot Center,Tirupati
ORD469,04/01/2023,14 Pine View Circle,Bangalore
ORD470,05/12/2023,90631 Westend Pass,Tirupati
ORD471,06/07/2023,44439 Prairieview Lane,Tirupati
ORD472,04/03/2023,51885 Logan Lane,Tirupati
ORD473,24/04/2023,1303 Merry Crossing,Kadapa
ORD474,30/07/2023,6538 Daystar Parkway,Kadapa
ORD475,08/03/2023,4 Banding Lane,Bangalore
ORD476,02/10/2023,7338 Hansons Plaza,Tirupati
ORD477,20/12/2023,565 Quincy Junction,Bangalore
ORD478,17/05/2023,957 Birchwood Place,Nellore
ORD479,15/11/2023,22 Village Green Circle,Bangalore
ORD480,28/11/2023,10099 Eastwood Trail,Kadapa
ORD481,10/01/2023,61650 Dahle Alley,Nellore
ORD482,18/04/2023,11852 Alpine Way,Kadapa
ORD483,24/05/2023,00 Thierer Street,Kadapa
ORD484,10/07/2023,530 Elgar Plaza,Nellore
ORD485,18/04/2023,6 Pennsylvania Point,Kadapa
ORD486,24/07/2023,8 Fairfield Plaza,Tirupati
ORD487,13/01/2023,2862 Roxbury Crossing,Tirupati
ORD488,13/09/2023,3319 Morrow Alley,Kadapa
ORD489,16/03/2023,08523 Sugar Lane,Bangalore
ORD490,27/01/2023,2638 Nevada Drive,Nellore
ORD491,12/01/2023,11635 Arizona Crossing,Kadapa
ORD492,10/04/2023,30871 Morningstar Center,Tirupati
ORD493,16/07/2023,27679 Mockingbird Lane,Tirupati
ORD494,09/03/2023,243 Golf View Street,Tirupati
ORD495,25/10/2023,5 Cottonwood Park,Nellore
ORD496,10/06/2023,98 Buena Vista Point,Bangalore
ORD497,09/07/2023,49 Sherman Junction,Nellore
ORD498,06/02/2023,0 Riverside Street,Nellore
ORD499,31/07/2023,939 Hazelcrest Center,Kadapa
ORD500,03/03/2023,55828 Atwood Alley,Nellore
ORD501,24/09/2023,95672 Dennis Alley,Bangalore
ORD502,01/07/2023,9 Hooker Crossing,Tirupati
ORD503,25/11/2023,4 Pepper Wood Avenue,Bangalore
ORD504,15/07/2023,70 Ridge Oak Parkway,Nellore
ORD505,26/06/2023,895 Raven Road,Bangalore
ORD506,14/09/2023,0195 Utah Trail,Kadapa
ORD507,17/11/2023,07 Dottie Drive,Bangalore
ORD508,24/04/2023,53237 Lindbergh Way,Bangalore
ORD509,02/11/2023,23 Vermont Point,Tirupati
ORD510,06/05/2023,53 Michigan Park,Bangalore
ORD511,26/05/2023,11 Tennyson Alley,Bangalore
ORD512,13/06/2023,2809 West Point,Bangalore
ORD513,06/10/2023,1835 Barby Alley,Bangalore
ORD514,03/10/2023,05 Washington Terrace,Nellore
ORD515,14/05/2023,0 Cambridge Road,Tirupati
ORD516,13/02/2023,1 Anderson Terrace,Nellore
ORD517,05/03/2023,75 Randy Way,Kadapa
ORD518,01/04/2023,396 Kingsford Point,Bangalore
ORD519,07/11/2023,3 Redwing Junction,Nellore
ORD520,13/03/2023,1477 Parkside Hill,Nellore
ORD521,07/08/2023,0308 Waubesa Way,Bangalore
ORD522,18/03/2023,23 Annamark Drive,Tirupati
ORD523,07/06/2023,25682 Erie Crossing,Kadapa
ORD524,04/02/2023,42 Everett Point,Kadapa
ORD525,09/07/2023,9 Arizona Court,Bangalore
ORD526,08/10/2023,61 Marcy Plaza,Kadapa
ORD527,07/06/2023,2 Bluestem Parkway,Nellore
ORD528,15/07/2023,62 Doe Crossing Court,Tirupati
ORD529,28/07/2023,1 Spaight Avenue,Tirupati
ORD530,05/07/2023,639 Forest Run Lane,Tirupati
ORD531,17/02/2023,285 Talisman Pass,Tirupati
ORD532,05/05/2023,79 8th Plaza,Kadapa
ORD533,27/10/2023,6 Pleasure Junction,Nellore
ORD534,21/11/2023,32 Valley Edge Crossing,Nellore
ORD535,12/11/2023,091 Westend Pass,Tirupati
ORD536,04/02/2023,7221 Truax Drive,Bangalore
ORD537,01/03/2023,7836 Victoria Road,Kadapa
ORD538,27/05/2023,1667 Sheridan Center,Nellore
ORD539,02/02/2023,872 Rieder Parkway,Kadapa
ORD540,05/02/2023,95 Milwaukee Plaza,Kadapa
ORD541,30/05/2023,05 Farmco Plaza,Kadapa
ORD542,22/03/2023,7039 Prairie Rose Park,Bangalore
ORD543,03/02/2023,767 Service Junction,Tirupati
ORD544,04/02/2023,5633 Orin Terrace,Tirupati
ORD545,18/12/2023,2 Charing Cross Place,Bangalore
ORD546,01/02/2023,547 Cascade Hill,Tirupati
ORD547,03/07/2023,9501 Cordelia Lane,Nellore
ORD548,24/02/2023,51 Hoard Center,Nellore
ORD549,11/02/2023,2610 Sutteridge Point,Tirupati
ORD550,18/07/2023,1305 Havey Avenue,Bangalore
ORD551,03/10/2023,87 Jenifer Circle,Nellore
ORD552,06/11/2023,569 Birchwood Junction,Nellore
ORD553,19/11/2023,6 Bashford Trail,Bangalore
ORD554,05/08/2023,732 Maple Wood Point,Kadapa
ORD555,17/07/2023,4328 Stuart Plaza,Tirupati
ORD556,19/05/2023,56208 Jay Trail,Kadapa
ORD557,09/05/2023,75 Granby Terrace,Kadapa
ORD558,30/08/2023,367 Florence Park,Kadapa
ORD559,29/01/2023,05 Muir Parkway,Tirupati
ORD560,15/06/2023,50 Sunbrook Junction,Bangalore
ORD561,09/10/2023,5803 Truax Place,Nellore
ORD562,16/12/2023,91 Cody Pass,Bangalore
ORD563,02/12/2023,77617 Sundown Plaza,Nellore
ORD564,10/03/2023,79256 Debs Junction,Bangalore
ORD565,17/02/2023,460 Grasskamp Avenue,Nellore
ORD566,18/12/2023,49273 Ramsey Junction,Tirupati
ORD567,17/12/2023,42822 Mandrake Alley,Bangalore
ORD568,05/03/2023,3 Spohn Place,Bangalore
ORD569,02/03/2023,34807 8th Avenue,Bangalore
ORD570,19/11/2023,975 Columbus Place,Nellore
ORD571,22/04/2023,7 Pierstorff Way,Kadapa
ORD572,27/08/2023,59489 Eagle Crest Trail,Nellore
ORD573,17/12/2023,6028 Manley Hill,Kadapa
ORD574,09/06/2023,627 Texas Center,Tirupati
ORD575,25/01/2023,18261 Helena Junction,Tirupati
ORD576,05/06/2023,7 Rutledge Plaza,Bangalore
ORD577,18/09/2023,115 La Follette Terrace,Tirupati
ORD578,30/12/2023,838 Forest Parkway,Tirupati
ORD579,17/08/2023,39 School Avenue,Bangalore
ORD580,10/07/2023,59 Pearson Court,Bangalore
ORD581,17/02/2023,519 Cherokee Parkway,Bangalore
ORD582,10/06/2023,09812 Fair Oaks Place,Nellore
ORD583,25/04/2023,1 Logan Terrace,Bangalore
ORD584,09/10/2023,024 Forest Parkway,Tirupati
ORD585,26/05/2023,67 Welch Junction,Kadapa
ORD586,30/06/2023,4868 Hagan Street,Tirupati
ORD587,22/10/2023,3240 Surrey Road,Tirupati
ORD588,30/12/2023,6988 Westridge Street,Nellore
ORD589,12/01/2023,8 Ridgeview Way,Tirupati
ORD590,22/10/2023,41997 Sugar Parkway,Kadapa
ORD591,12/06/2023,99762 Dahle Pass,Bangalore
ORD592,06/07/2023,599 Anhalt Place,Nellore
ORD593,30/04/2023,233 Bultman Court,Kadapa
ORD594,07/02/2023,6 Mosinee Avenue,Nellore
ORD595,01/10/2023,92066 Ruskin Circle,Nellore
ORD596,08/01/2023,9 Goodland Hill,Kadapa
ORD597,19/03/2023,33460 Holy Cross Avenue,Kadapa
ORD598,12/02/2023,7 Mallard Drive,Nellore
ORD599,16/07/2023,6 Johnson Pass,Bangalore
ORD600,28/04/2023,58845 Bayside Circle,Tirupati
ORD601,18/12/2023,996 Butterfield Trail,Kadapa
ORD602,28/10/2023,22 Lerdahl Trail,Bangalore
ORD603,17/12/2023,328 Waxwing Center,Tirupati
ORD604,09/12/2023,6753 Harper Crossing,Tirupati
ORD605,11/05/2023,75 Havey Drive,Tirupati
ORD606,12/08/2023,88567 Grasskamp Pass,Bangalore
ORD607,03/11/2023,350 Fisk Park,Kadapa
ORD608,18/10/2023,8069 Riverside Plaza,Nellore
ORD609,24/11/2023,36433 Lighthouse Bay Drive,Nellore
ORD610,02/03/2023,45339 Charing Cross Hill,Tirupati
ORD611,05/07/2023,127 Dryden Parkway,Nellore
ORD612,20/05/2023,750 Havey Circle,Nellore
ORD613,25/01/2023,9021 Bellgrove Terrace,Tirupati
ORD614,20/12/2023,43723 Farwell Court,Nellore
ORD615,20/09/2023,25900 Coolidge Circle,Kadapa
ORD616,15/05/2023,639 Marcy Place,Bangalore
ORD617,15/06/2023,53251 Northridge Pass,Bangalore
ORD618,27/03/2023,0833 Park Meadow Center,Tirupati
ORD619,10/01/2023,62 Colorado Lane,Kadapa
ORD620,19/02/2023,1 Hooker Point,Nellore
ORD621,23/08/2023,0 Hauk Circle,Bangalore
ORD622,05/02/2023,2 Towne Lane,Nellore
ORD623,03/03/2023,0 Farragut Alley,Nellore
ORD624,10/01/2023,761 Goodland Park,Tirupati
ORD625,21/02/2023,70778 Bluejay Lane,Bangalore
ORD626,14/06/2023,44 Golf View Place,Tirupati
ORD627,04/09/2023,64503 Forster Center,Bangalore
ORD628,01/05/2023,9133 Memorial Road,Tirupati
ORD629,06/09/2023,51701 Golden Leaf Circle,Nellore
ORD630,26/02/2023,5 Drewry Lane,Nellore
ORD631,12/06/2023,49290 Sundown Hill,Bangalore
ORD632,08/11/2023,46667 Haas Lane,Nellore
ORD633,18/06/2023,1 Derek Pass,Kadapa
ORD634,26/05/2023,185 Hanson Trail,Bangalore
ORD635,30/05/2023,75410 Carioca Road,Tirupati
ORD636,17/06/2023,11 Lindbergh Point,Tirupati
ORD637,22/05/2023,82537 Del Mar Drive,Nellore
ORD638,23/03/2023,96 Hanson Place,Kadapa
ORD639,20/05/2023,21 Sauthoff Park,Tirupati
ORD640,22/04/2023,225 Surrey Avenue,Nellore
ORD641,18/04/2023,0208 Kropf Road,Tirupati
ORD642,06/07/2023,55 Maple Street,Bangalore
ORD643,20/07/2023,204 Dryden Way,Tirupati
ORD644,29/04/2023,395 Columbus Avenue,Tirupati
ORD645,21/05/2023,4659 International Road,Kadapa
ORD646,16/01/2023,749 Carioca Point,Bangalore
ORD647,24/05/2023,65 Autumn Leaf Street,Bangalore
ORD648,01/03/2023,1964 Sugar Pass,Kadapa
ORD649,07/12/2023,4 Shoshone Trail,Tirupati
ORD650,11/08/2023,82605 Huxley Road,Tirupati
ORD651,14/04/2023,8 Bunker Hill Plaza,Bangalore
ORD652,01/12/2023,3515 Mifflin Center,Tirupati
ORD653,12/11/2023,51640 Acker Plaza,Kadapa
ORD654,22/09/2023,3562 Pearson Way,Tirupati
ORD655,22/03/2023,022 Rutledge Point,Kadapa
ORD656,29/06/2023,9 Southridge Hill,Kadapa
ORD657,07/04/2023,3590 Hallows Place,Kadapa
ORD658,16/05/2023,84 Stone Corner Center,Bangalore
ORD659,11/01/2023,118 Kensington Avenue,Bangalore
ORD660,21/10/2023,6860 Portage Avenue,Tirupati
ORD661,30/03/2023,7819 Mandrake Drive,Tirupati
ORD662,22/09/2023,4 Waxwing Way,Kadapa
ORD663,30/04/2023,0 Arrowood Junction,Bangalore
ORD664,02/03/2023,5778 Scoville Junction,Nellore
ORD665,04/03/2023,532 Transport Pass,Kadapa
ORD666,25/12/2023,6 Mesta Parkway,Tirupati
ORD667,06/12/2023,9 Gina Drive,Tirupati
ORD668,24/02/2023,17954 Pleasure Junction,Kadapa
ORD669,09/01/2023,424 Southridge Park,Nellore
ORD670,26/11/2023,36368 Cambridge Avenue,Tirupati
ORD671,27/12/2023,038 American Ash Park,Bangalore
ORD672,02/05/2023,1492 Londonderry Hill,Bangalore
ORD673,27/01/2023,61097 Mitchell Junction,Kadapa
ORD674,28/09/2023,52339 Schiller Road,Tirupati
ORD675,26/04/2023,34640 Mariners Cove Pass,Nellore
ORD676,22/09/2023,28818 Dennis Circle,Tirupati
ORD677,03/11/2023,10105 Springview Circle,Tirupati
ORD678,18/02/2023,0 Hintze Drive,Kadapa
ORD679,22/01/2023,3116 Redwing Hill,Kadapa
ORD680,27/04/2023,6 Norway Maple Point,Tirupati
ORD681,27/07/2023,97382 Farragut Drive,Bangalore
ORD682,09/05/2023,82997 Longview Point,Bangalore
ORD683,20/07/2023,29563 Park Meadow Road,Tirupati
ORD684,19/08/2023,5 Annamark Circle,Kadapa
ORD685,15/11/2023,233 Paget Parkway,Bangalore
ORD686,19/12/2023,34 Ramsey Place,Nellore
ORD687,10/07/2023,4 Morningstar Place,Nellore
ORD688,23/09/2023,71 Macpherson Crossing,Kadapa
ORD689,25/06/2023,390 Luster Way,Nellore
ORD690,27/01/2023,7738 Farragut Road,Nellore
ORD691,13/08/2023,4329 Jana Street,Tirupati
ORD692,08/01/2023,4 Ridgeview Lane,Kadapa
ORD693,16/06/2023,0 Melody Road,Nellore
ORD694,05/01/2023,25156 Parkside Parkway,Nellore
ORD695,03/05/2023,0 Hovde Point,Tirupati
ORD696,30/11/2023,8040 Cottonwood Center,Bangalore
ORD697,12/12/2023,5 Lakewood Drive,Tirupati
ORD698,13/03/2023,73600 Mariners Cove Way,Nellore
ORD699,27/08/2023,36184 Chive Alley,Nellore
ORD700,18/09/2023,2 Crest Line Center,Tirupati
ORD701,29/12/2023,2175 Sunfield Hill,Kadapa
ORD702,30/12/2023,6019 Duke Point,Nellore
ORD703,24/11/2023,26914 Bunting Park,Nellore
ORD704,13/08/2023,3 Farmco Way,Tirupati
ORD705,10/08/2023,127 Bashford Junction,Nellore
ORD706,24/05/2023,04229 Gina Junction,Tirupati
ORD707,14/03/2023,98 Oxford Point,Tirupati
ORD708,01/06/2023,5 Morningstar Junction,Nellore
ORD709,02/03/2023,81726 Hansons Crossing,Bangalore
ORD710,21/09/2023,98 Merchant Circle,Bangalore
ORD711,14/10/2023,40615 Hoard Street,Bangalore
ORD712,30/07/2023,61177 Lakewood Gardens Drive,Nellore
ORD713,03/02/2023,5522 Veith Park,Nellore
ORD714,27/08/2023,30185 Elmside Way,Bangalore
ORD715,01/04/2023,34649 Bobwhite Avenue,Kadapa
ORD716,26/03/2023,4 Tony Center,Nellore
ORD717,14/05/2023,218 American Way,Bangalore
ORD718,10/05/2023,16460 Kennedy Place,Bangalore
ORD719,13/06/2023,32339 Beilfuss Center,Bangalore
ORD720,04/11/2023,4856 Crest Line Parkway,Nellore
ORD721,11/03/2023,152 David Road,Kadapa
ORD722,05/11/2023,83 Schmedeman Hill,Tirupati
ORD723,15/10/2023,06222 Goodland Hill,Tirupati
ORD724,21/01/2023,9057 Pennsylvania Alley,Tirupati
ORD725,08/02/2023,77 Old Shore Point,Bangalore
ORD726,09/07/2023,4636 Roxbury Point,Kadapa
ORD727,16/09/2023,48 Manufacturers Court,Kadapa
ORD728,29/09/2023,29 Towne Court,Kadapa
ORD729,21/06/2023,8 Cardinal Circle,Kadapa
ORD730,24/02/2023,6930 Kennedy Park,Bangalore
ORD731,23/09/2023,71261 Starling Parkway,Bangalore
ORD732,30/01/2023,50203 Eagan Avenue,Kadapa
ORD733,03/02/2023,075 Fordem Parkway,Tirupati
ORD734,28/04/2023,1551 High Crossing Trail,Bangalore
ORD735,08/01/2023,12 Parkside Road,Tirupati
ORD736,07/08/2023,2 Anniversary Pass,Tirupati
ORD737,15/09/2023,505 Mitchell Court,Kadapa
ORD738,10/02/2023,98771 Clove Road,Tirupati
ORD739,25/06/2023,441 Golf View Circle,Tirupati
ORD740,09/12/2023,72859 Sunbrook Junction,Nellore
ORD741,30/12/2023,4383 Nevada Pass,Bangalore
ORD742,29/07/2023,664 South Terrace,Bangalore
ORD743,07/05/2023,145 Dixon Terrace,Kadapa
ORD744,09/09/2023,404 Iowa Alley,Bangalore
ORD745,23/06/2023,187 Division Court,Tirupati
ORD746,27/09/2023,584 Basil Circle,Tirupati
ORD747,15/04/2023,075 4th Street,Nellore
ORD748,11/07/2023,668 David Alley,Tirupati
ORD749,25/05/2023,7 Buhler Road,Nellore
ORD750,07/07/2023,116 Sunfield Point,Nellore
ORD751,09/04/2023,9 Hansons Terrace,Tirupati
ORD752,27/09/2023,7414 Shoshone Circle,Nellore
ORD753,30/03/2023,98 Meadow Ridge Center,Nellore
ORD754,26/10/2023,4 Melrose Alley,Kadapa
ORD755,28/10/2023,7 Westport Pass,Bangalore
ORD756,22/04/2023,499 Sutherland Way,Tirupati
ORD757,14/11/2023,9086 Steensland Avenue,Nellore
ORD758,30/03/2023,4 Magdeline Point,Bangalore
ORD759,01/06/2023,573 Paget Alley,Bangalore
ORD760,17/01/2023,64691 Kedzie Way,Bangalore
ORD761,14/01/2023,890 Shoshone Crossing,Kadapa
ORD762,26/07/2023,5 Declaration Point,Bangalore
ORD763,05/04/2023,38 Walton Avenue,Nellore
ORD764,04/09/2023,668 Butternut Alley,Bangalore
ORD765,17/05/2023,0730 Oxford Hill,Tirupati
ORD766,18/09/2023,3 Shoshone Street,Tirupati
ORD767,19/12/2023,8717 Scoville Trail,Tirupati
ORD768,27/04/2023,34 Merry Avenue,Kadapa
ORD769,25/05/2023,552 Valley Edge Road,Tirupati
ORD770,10/12/2023,55 Weeping Birch Circle,Tirupati
ORD771,27/12/2023,439 American Ash Place,Bangalore
ORD772,02/03/2023,470 Saint Paul Pass,Tirupati
ORD773,25/12/2023,41053 Jana Park,Bangalore
ORD774,16/12/2023,00701 Lighthouse Bay Alley,Kadapa
ORD775,06/05/2023,100 Upham Pass,Bangalore
ORD776,31/10/2023,5 Rutledge Court,Bangalore
ORD777,23/03/2023,4 Kingsford Park,Kadapa
ORD778,16/06/2023,33240 Raven Plaza,Kadapa
ORD779,15/02/2023,55 Corry Center,Bangalore
ORD780,18/05/2023,33079 Village Green Crossing,Nellore
ORD781,05/01/2023,05013 Eastlawn Plaza,Nellore
ORD782,10/10/2023,0157 Dayton Parkway,Nellore
ORD783,27/01/2023,83853 Eliot Point,Nellore
ORD784,01/01/2023,46260 School Drive,Kadapa
ORD785,13/09/2023,650 North Road,Tirupati
ORD786,04/06/2023,85644 Northwestern Place,Tirupati
ORD787,23/10/2023,0 6th Plaza,Nellore
ORD788,16/11/2023,600 Vera Place,Tirupati
ORD789,14/01/2023,929 Union Alley,Tirupati
ORD790,08/06/2023,8202 Oak Valley Lane,Tirupati
ORD791,14/02/2023,08400 Talisman Avenue,Bangalore
ORD792,19/06/2023,476 Carpenter Lane,Kadapa
ORD793,04/12/2023,7401 Center Street,Tirupati
ORD794,10/03/2023,14184 Oriole Point,Kadapa
ORD795,28/09/2023,4924 Vidon Lane,Bangalore
ORD796,27/03/2023,41749 Washington Hill,Bangalore
ORD797,04/06/2023,24 Prairie Rose Park,Bangalore
ORD798,22/03/2023,88 Talisman Plaza,Nellore
ORD799,12/10/2023,4333 Loeprich Junction,Tirupati
ORD800,28/10/2023,43 Barnett Terrace,Tirupati
ORD801,17/10/2023,859 Blackbird Plaza,Bangalore
ORD802,26/02/2023,88 Maple Wood Trail,Tirupati
ORD803,04/05/2023,0 Eggendart Court,Kadapa
ORD804,14/05/2023,2658 Meadow Vale Plaza,Kadapa
ORD805,23/11/2023,019 Myrtle Alley,Tirupati
ORD806,02/08/2023,58 Bowman Hill,Kadapa
ORD807,16/04/2023,5540 Del Sol Hill,Nellore
ORD808,20/06/2023,65621 Tomscot Circle,Kadapa
ORD809,30/05/2023,50960 Saint Paul Lane,Bangalore
ORD810,15/05/2023,9 Loftsgordon Road,Kadapa
ORD811,28/02/2023,43816 Lakeland Place,Nellore
ORD812,24/01/2023,07859 Sunfield Drive,Kadapa
ORD813,21/04/2023,07775 Gina Center,Nellore
ORD814,26/05/2023,720 Summit Crossing,Kadapa
ORD815,20/01/2023,4218 Pennsylvania Hill,Tirupati
ORD816,24/06/2023,8 Glendale Court,Kadapa
ORD817,29/04/2023,0 Southridge Road,Tirupati
ORD818,07/08/2023,34423 Old Shore Alley,Tirupati
ORD819,27/10/2023,2770 Rutledge Street,Bangalore
ORD820,21/09/2023,8771 Roxbury Terrace,Kadapa
ORD821,29/07/2023,44 Esker Alley,Nellore
ORD822,21/05/2023,1246 Lakeland Road,Tirupati
ORD823,15/09/2023,0514 Barby Avenue,Tirupati
ORD824,28/06/2023,1335 Haas Circle,Tirupati
ORD825,21/05/2023,75 West Way,Tirupati
ORD826,29/04/2023,87 Sauthoff Way,Tirupati
ORD827,03/11/2023,4 Hovde Junction,Kadapa
ORD828,30/01/2023,77 Vernon Plaza,Tirupati
ORD829,23/06/2023,56786 Carberry Court,Nellore
ORD830,31/08/2023,745 Elmside Terrace,Bangalore
ORD831,19/07/2023,19 Red Cloud Pass,Kadapa
ORD832,28/04/2023,40 Pearson Hill,Kadapa
ORD833,03/06/2023,7 School Drive,Nellore
ORD834,23/01/2023,01441 Emmet Lane,Kadapa
ORD835,20/02/2023,4 Schiller Parkway,Nellore
ORD836,20/08/2023,05 Sutherland Point,Nellore
ORD837,24/07/2023,6 Hagan Way,Bangalore
ORD838,04/12/2023,282 Warner Hill,Bangalore
ORD839,27/09/2023,642 Mendota Court,Tirupati
ORD840,10/05/2023,6 Dwight Drive,Bangalore
ORD841,09/07/2023,5134 Starling Lane,Bangalore
ORD842,25/06/2023,5 Sage Park,Tirupati
ORD843,30/05/2023,8982 Springview Way,Kadapa
ORD844,08/07/2023,6553 Green Center,Kadapa
ORD845,18/11/2023,94269 Spaight Plaza,Kadapa
ORD846,13/10/2023,6 Corben Place,Nellore
ORD847,04/12/2023,887 Namekagon Court,Tirupati
ORD848,22/04/2023,40 Schlimgen Park,Nellore
ORD849,29/06/2023,141 Straubel Drive,Bangalore
ORD850,30/01/2023,98245 Porter Center,Nellore
ORD851,03/09/2023,09674 Barby Lane,Nellore
ORD852,28/08/2023,43347 Morrow Court,Nellore
ORD853,24/09/2023,2 Debra Street,Bangalore
ORD854,10/09/2023,7 Reinke Hill,Tirupati
ORD855,02/06/2023,4802 Di Loreto Avenue,Tirupati
ORD856,07/05/2023,8651 Bluejay Place,Tirupati
ORD857,23/07/2023,91834 Fordem Pass,Bangalore
ORD858,18/06/2023,573 Almo Place,Nellore
ORD859,23/05/2023,736 Clemons Crossing,Tirupati
ORD860,13/06/2023,1406 Raven Circle,Tirupati
ORD861,13/01/2023,2 Farmco Center,Kadapa
ORD862,23/10/2023,99 Morning Plaza,Tirupati
ORD863,30/06/2023,04826 Delaware Center,Tirupati
ORD864,16/05/2023,577 Ridgeview Point,Nellore
ORD865,01/01/2023,9997 Ridge Oak Parkway,Kadapa
ORD866,12/03/2023,052 Tomscot Terrace,Kadapa
ORD867,14/08/2023,39357 Jackson Crossing,Tirupati
ORD868,27/02/2023,0 Cherokee Way,Nellore
ORD869,05/04/2023,3507 Valley Edge Drive,Bangalore
ORD870,10/02/2023,34618 Granby Alley,Bangalore
ORD871,03/12/2023,74528 Division Way,Bangalore
ORD872,01/01/2023,2 Gulseth Hill,Bangalore
ORD873,02/11/2023,1 Westend Drive,Tirupati
ORD874,25/06/2023,454 Columbus Crossing,Bangalore
ORD875,23/12/2023,84901 Larry Terrace,Nellore
ORD876,03/06/2023,688 Magdeline Crossing,Nellore
ORD877,06/04/2023,94211 Crescent Oaks Avenue,Bangalore
ORD878,11/02/2023,67 Acker Drive,Bangalore
ORD879,03/02/2023,529 Hauk Drive,Kadapa
ORD880,10/05/2023,6340 Lighthouse Bay Park,Tirupati
ORD881,21/11/2023,41912 Steensland Center,Nellore
ORD882,30/11/2023,448 Bluejay Center,Kadapa
ORD883,31/08/2023,98495 Rockefeller Plaza,Nellore
ORD884,06/01/2023,909 Sunnyside Terrace,Kadapa
ORD885,07/03/2023,2950 Sutherland Drive,Nellore
ORD886,10/12/2023,74600 Delaware Junction,Kadapa
ORD887,14/04/2023,1 Drewry Lane,Kadapa
ORD888,24/01/2023,1 Steensland Avenue,Nellore
ORD889,10/09/2023,83601 Sunbrook Court,Bangalore
ORD890,20/07/2023,54703 Village Place,Tirupati
ORD891,07/07/2023,47 Kim Parkway,Bangalore
ORD892,09/02/2023,8917 Memorial Park,Tirupati
ORD893,06/01/2023,8577 Garrison Drive,Tirupati
ORD894,07/02/2023,75780 Butterfield Crossing,Nellore
ORD895,05/08/2023,1 Shoshone Way,Bangalore
ORD896,13/10/2023,67 Crowley Alley,Tirupati
ORD897,14/12/2023,3 Morning Place,Nellore
ORD898,01/07/2023,3 Springview Point,Bangalore
ORD899,11/06/2023,52689 Crownhardt Parkway,Tirupati
ORD900,28/07/2023,92341 Clyde Gallagher Street,Bangalore
ORD901,21/09/2023,1327 Commercial Alley,Nellore
ORD902,25/09/2023,8 Heath Way,Bangalore
ORD903,04/09/2023,0528 Grayhawk Place,Nellore
ORD904,05/05/2023,5408 Riverside Point,Bangalore
ORD905,05/07/2023,7 Weeping Birch Pass,Kadapa
ORD906,28/11/2023,02 Erie Alley,Kadapa
ORD907,14/11/2023,970 Monterey Circle,Bangalore
ORD908,22/12/2023,30 Sycamore Place,Tirupati
ORD909,09/05/2023,319 Hallows Way,Tirupati
ORD910,01/03/2023,48 Lakewood Gardens Point,Tirupati
ORD911,28/05/2023,403 Farwell Center,Bangalore
ORD912,20/10/2023,0925 Starling Court,Nellore
ORD913,12/09/2023,238 Steensland Crossing,Nellore
ORD914,10/05/2023,1437 Warner Road,Tirupati
ORD915,04/09/2023,224 David Trail,Bangalore
ORD916,11/07/2023,138 Laurel Avenue,Bangalore
ORD917,26/02/2023,23567 Nancy Parkway,Nellore
ORD918,25/03/2023,51041 Jenna Avenue,Tirupati
ORD919,22/07/2023,8075 Charing Cross Pass,Tirupati
ORD920,15/06/2023,73551 Prairie Rose Way,Nellore
ORD921,10/01/2023,7609 Sauthoff Lane,Kadapa
ORD922,25/06/2023,0 Beilfuss Lane,Bangalore
ORD923,13/11/2023,285 Mallory Center,Kadapa
ORD924,29/06/2023,2223 Bay Hill,Bangalore
ORD925,25/03/2023,0 Evergreen Avenue,Bangalore
ORD926,12/12/2023,95 Summit Place,Kadapa
ORD927,25/10/2023,82 Bartillon Court,Nellore
ORD928,14/07/2023,3 Ridge Oak Point,Tirupati
ORD929,24/07/2023,2816 Birchwood Terrace,Nellore
ORD930,01/04/2023,51015 Lakeland Way,Nellore
ORD931,28/02/2023,74534 Sage Drive,Bangalore
ORD932,02/04/2023,449 Macpherson Junction,Bangalore
ORD933,19/02/2023,6080 Valley Edge Hill,Kadapa
ORD934,21/01/2023,15107 Coolidge Center,Tirupati
ORD935,09/10/2023,4 Daystar Way,Tirupati
ORD936,29/01/2023,2640 Maple Lane,Kadapa
ORD937,19/10/2023,0 Sutherland Lane,Kadapa
ORD938,01/12/2023,77 Sage Point,Nellore
ORD939,01/06/2023,93 Homewood Junction,Kadapa
ORD940,29/08/2023,4 Mitchell Way,Kadapa
ORD941,04/02/2023,944 Elmside Drive,Tirupati
ORD942,13/01/2023,57746 Sauthoff Trail,Nellore
ORD943,04/08/2023,23691 Kim Terrace,Nellore
ORD944,04/11/2023,43 Hermina Parkway,Nellore
ORD945,25/06/2023,9917 Brown Road,Bangalore
ORD946,05/06/2023,70 Homewood Street,Tirupati
ORD947,12/05/2023,430 Cordelia Road,Kadapa
ORD948,23/06/2023,53039 Walton Way,Kadapa
ORD949,25/12/2023,76486 Carberry Avenue,Bangalore
ORD950,02/07/2023,01 Judy Junction,Bangalore
ORD951,07/11/2023,90199 Northport Place,Bangalore
ORD952,17/07/2023,39 Mccormick Trail,Tirupati
ORD953,05/05/2023,8 Jenna Pass,Kadapa
ORD954,06/10/2023,737 Nelson Trail,Kadapa
ORD955,13/05/2023,424 Garrison Lane,Tirupati
ORD956,01/03/2023,374 Westend Alley,Tirupati
ORD957,28/12/2023,999 Hoepker Parkway,Tirupati
ORD958,10/05/2023,89 Transport Avenue,Kadapa
ORD959,01/07/2023,9232 2nd Crossing,Tirupati
ORD960,24/10/2023,48 Waubesa Point,Bangalore
ORD961,17/10/2023,0 Transport Park,Bangalore
ORD962,22/05/2023,39075 Truax Trail,Nellore
ORD963,12/08/2023,7 Talisman Terrace,Bangalore
ORD964,15/03/2023,150 Hazelcrest Way,Tirupati
ORD965,12/04/2023,181 Carey Way,Kadapa
ORD966,08/12/2023,6051 Gale Pass,Kadapa
ORD967,15/03/2023,8629 Vermont Lane,Kadapa
ORD968,21/03/2023,94 Caliangt Hill,Bangalore
ORD969,23/09/2023,5 Transport Circle,Nellore
ORD970,10/08/2023,37 Texas Street,Tirupati
ORD971,05/09/2023,27657 Kinsman Hill,Bangalore
ORD972,12/10/2023,76061 Jenifer Alley,Kadapa
ORD973,24/08/2023,2 Boyd Circle,Kadapa
ORD974,11/06/2023,1831 Oxford Court,Nellore
ORD975,14/12/2023,19 Hauk Pass,Nellore
ORD976,06/04/2023,0 Dayton Road,Kadapa
ORD977,13/09/2023,0414 New Castle Trail,Nellore
ORD978,06/04/2023,4625 Kings Way,Kadapa
ORD979,06/06/2023,3915 Mesta Hill,Kadapa
ORD980,14/08/2023,13869 Westport Alley,Kadapa
ORD981,30/08/2023,3873 Marquette Drive,Nellore
ORD982,04/06/2023,89506 Ruskin Street,Nellore
ORD983,09/02/2023,503 Amoth Court,Tirupati
ORD984,22/09/2023,2 Talmadge Circle,Nellore
ORD985,20/11/2023,313 Browning Street,Bangalore
ORD986,09/12/2023,3 Upham Center,Tirupati
ORD987,12/02/2023,06874 Steensland Plaza,Kadapa
ORD988,04/10/2023,1766 Leroy Drive,Bangalore
ORD989,08/11/2023,2721 Oxford Junction,Nellore
ORD990,23/03/2023,502 Duke Hill,Bangalore
ORD991,07/01/2023,59 Northridge Street,Kadapa
ORD992,10/07/2023,802 Prentice Street,Nellore
ORD993,26/04/2023,8797 Porter Lane,Bangalore
ORD994,16/01/2023,5 Melvin Junction,Tirupati
ORD995,02/03/2023,3 Independence Crossing,Nellore
ORD996,24/06/2023,06182 Stuart Plaza,Nellore
ORD997,28/10/2023,58 Pepper Wood Trail,Bangalore
ORD998,25/06/2023,8135 Golf Alley,Kadapa
ORD999,17/03/2023,4 Hanover Trail,Nellore
ORD1000,03/12/2023,09758 Leroy Junction,Tirupati
